Tmax,eta,Delta,kappa_bias,n_t,blocks,gamma0,lambda,emp_tail_rate,theory_2eta
10000,1e-4,0.6821881769209206,6.283185307179586,120000,14659,2.1988067966382836,0.011788231063225867,2.4732362582805727e-4,2e-4
10000,5e-4,0.6821881769209206,6.283185307179586,120000,14659,2.1988067966382836,0.011788231063225867,0.0010003909196174966,0.001
10000,0.001,0.6821881769209206,6.283185307179586,120000,14659,2.1988067966382836,0.011788231063225867,0.0020001372025474666,0.002
20000,1e-4,1.3333333333333335,13.20465007004817,120000,15000,1.1249999999999998,0.010195855688774017,2.0777876981520896e-4,2e-4
20000,5e-4,1.3333333333333335,13.20465007004817,120000,15000,1.1249999999999998,0.010195855688774017,0.0010000084382245237,0.001
20000,0.001,1.3333333333333335,13.20465007004817,120000,15000,1.1249999999999998,0.010195855688774017,0.002000016568770507,0.002
50000,1e-4,3.333333333333333,36.06592761470094,120000,15001,0.45000000000000007,0.008542072972012553,2.0006434015075927e-4,2e-4
50000,5e-4,3.333333333333333,36.06592761470094,120000,15001,0.45000000000000007,0.008542072972012553,0.0010000078334109167,0.001
50000,0.001,3.333333333333333,36.06592761470094,120000,15001,0.45000000000000007,0.008542072972012553,0.0020000156670305965,0.002
