Tmax,Delta,lambda,blocks,sum_eps2,sum_d2,F_lambda,T_logT_loglogT,T_log2T
200,1.1858831535554488,0.03562247271358196,169,0.2596592987642521,103.98002087818239,3.9636847552549868,1766.8715286698662,5614.433383332904
500,1.0110348404390626,0.025892411869841925,495,0.3184440754771694,56.89697542881834,1.7916439974284095,5676.7420503357,19310.67690848734
1000,0.9095842358945609,0.02095685522351266,1100,0.24380378082422086,53.8323538726321,1.371960627273873,13350.236863105729,47717.08299430558
2000,0.8266367501258683,0.01730890846504534,2420,0.2871526722723268,65.64717073802734,1.4234335415660448,30833.319028561982,115547.43639894575
5000,0.7377060923675982,0.01378500739746479,6778,0.25391393901946324,14.518586402663916,0.45405275998091704,91222.83762596482,362712.8992995356
10000,0.6821881769209206,0.011788231063225867,14659,0.14182805575116755,2.2974613314222223,0.16891106078479926,204499.6562367072,848303.6976765438
