Tmax,Delta,lambda,blocks,sum_eps2,sum_d2,F_lambda,T_logT_loglogT,T_log2T
200,1.1858831535554488,0.03562247271358196,169,0.2596592987642521,155.17814006702415,5.78748835904622,1766.8715286698662,5614.433383332904
500,1.0110348404390626,0.025892411869841925,495,0.3184440754771694,80.00001891907152,2.3898375149249156,5676.7420503357,19310.67690848734
1000,0.9095842358945609,0.02095685522351266,1100,0.24380378082422086,70.23007111314242,1.7156052134793451,13350.236863105729,47717.08299430558
2000,0.8266367501258683,0.01730890846504534,2420,0.2871526722723268,104.09597849958541,2.0889404357009784,30833.319028561982,115547.43639894575
5000,0.7377060923675982,0.01378500739746479,6778,0.25391393901946324,17.36495320268188,0.4932899473750628,91222.83762596482,362712.8992995356
10000,0.6821881769209206,0.011788231063225867,14659,0.14182805575116755,4.59492266282121,0.19599406581815704,204499.6562367072,848303.6976765438
